Emp ID,Name Prefix,First Name,Middle Initial,Last Name,Gender,E Mail,Father's Name,Mother's Name,Mother's Maiden Name,Date of Birth,Time of Birth,Age in Yrs.,Weight in Kgs.,Date of Joining,Quarter of Joining,Half of Joining,Year of Joining,Month of Joining,Month Name of Joining,Short Month,Day of Joining,DOW of Joining,Short DOW,Age in Company (Years),Salary,Last % Hike,SSN,Phone No. ,Place Name,County,City,State,Zip,Region,User Name,Password
850297,Ms.,Shawna,W,Buck,F,shawna.buck@gmail.com,Rosario Buck,Keisha Buck,Hendricks,12/12/1971,06:34:47 AM,45.66,44,12/18/2010,Q4,H2,2010,12,December,Dec,18,Saturday,Sat,6.61,119090,17%,222-11-7603,702-771-7149,Las Vegas,Clark,Las Vegas,NV,89128,West,swbuck,ja8?k3BTF^]o@<&
304721,Mr.,Nathaniel,Z,Burke,M,nathaniel.burke@walmart.com,Derrick Burke,Phoebe Burke,Pugh,10/31/1993,02:02:38 AM,18.01,52,4/25/2017,Q2,H1,2017,4,April,Apr,25,Tuesday,Tue,0.26,117991,14%,550-99-9897,231-765-6923,Irons,Lake,Irons,MI,49644,Midwest,nzburke,YoungestMale#2026
412317,Drs.,Elisabeth,W,Foster,F,elisabeth.foster@gmail.com,Irwin Foster,Janie Foster,Delaney,11/26/1994,03:48:27 PM,22.68,42,3/27/2017,Q1,H1,2017,3,March,Mar,27,Monday,Mon,0.34,161045,28%,215-91-0004,270-749-4774,Lexington,Fayette,Lexington,KY,40501,South,ewfoster,5D.B4IGNkWJfG<~
621375,Mrs.,Briana,C,Lancaster,F,briana.lancaster@yahoo.com,Jeffrey Lancaster,Shelby Lancaster,Weiss,11/24/1975,09:44:16 PM,41.7,43,2/25/2003,Q1,H1,2003,2,February,Feb,25,Tuesday,Tue,14.43,142616,16%,534-71-1053,219-623-8216,Munster,Lake,Munster,IN,46321,Midwest,bclancaster,I%?JDM;pW
787549,Hon.,Estella,L,Potter,F,estella.potter@gmail.com,Booker Potter,Katelyn Potter,Pate,3/13/1995,09:30:28 PM,22.39,58,10/11/2016,Q4,H2,2016,10,October,Oct,11,Tuesday,Tue,0.79,135706,11%,644-29-6396,907-677-8486,Fairbanks,Fairbanks North Star,Fairbanks,AK,99709,West,elpotter,j4jkEXfC&Rh
900006,Mr.,Shawna,G,Miller,F,shawna.miller6@walmart.com,Father Miller,Mother Miller,Maiden6,02/23/1990,06:54:03 AM,36.48,79,11/4/2013,Q4,H2,2013,11,November,Nov,4,Monday,Mon,12.78,111211,10%,238-53-6468,918-451-3683,San Diego,San Diego,San Diego,CA,92101,West,smiller6,Pw6!xA9#
900007,Dr.,Nathaniel,H,Moore,M,nathaniel.moore7@gmail.com,Father Moore,Mother Moore,Maiden7,09/13/1971,01:05:42 AM,54.93,73,11/1/2007,Q4,H2,2007,11,November,Nov,1,Thursday,Thu,18.79,161993,9%,229-12-5780,640-787-8813,Los Angeles,Los Angeles,Los Angeles,CA,90001,West,nmoore7,Pw7!xA9#
900008,Dr.,Sarah,I,Taylor,F,sarah.taylor8@gmail.com,Father Taylor,Mother Taylor,Maiden8,03/25/1972,01:25:57 AM,54.4,83,11/17/2015,Q4,H2,2015,11,November,Nov,17,Tuesday,Tue,10.75,168389,29%,761-75-8116,901-751-8964,New York,New York,New York,NY,10001,Northeast,staylor8,Pw8!xA9#
900009,Ms.,Charles,J,Jackson,M,charles.jackson9@walmart.com,Father Jackson,Mother Jackson,Maiden9,03/17/1985,03:21:21 AM,41.42,76,11/24/2010,Q4,H2,2010,11,November,Nov,24,Wednesday,Wed,15.73,94969,22%,500-19-8483,596-786-6506,Topeka,Shawnee,Topeka,KS,66603,Midwest,cjackson9,Pw9!xA9#
900010,Ms.,Shawna,K,Davis,F,shawna.davis10@gmail.com,Father Davis,Mother Davis,Maiden10,08/08/1973,11:18:31 AM,53.02,79,11/12/2005,Q4,H2,2005,11,November,Nov,12,Saturday,Sat,20.76,126647,29%,745-39-9915,695-381-3519,Philadelphia,Philadelphia,Philadelphia,PA,19103,Northeast,sdavis10,Pw10!xA9#
900011,Ms.,Charles,L,Taylor,M,charles.taylor11@gmail.com,Father Taylor,Mother Taylor,Maiden11,10/22/1978,05:51:22 AM,47.82,57,11/1/2006,Q4,H2,2006,11,November,Nov,1,Wednesday,Wed,19.79,112476,26%,378-65-7887,200-311-2025,Seattle,King,Seattle,WA,98101,West,ctaylor11,Pw11!xA9#
900012,Mrs.,Rachel,M,Wilson,F,rachel.wilson12@outlook.com,Father Wilson,Mother Wilson,Maiden12,10/25/1972,01:20:16 AM,53.81,49,11/1/2018,Q4,H2,2018,11,November,Nov,1,Thursday,Thu,7.79,86184,20%,133-81-6485,624-556-1389,Kansas City,Wyandotte,Kansas City,KS,66101,Midwest,rwilson12,Pw12!xA9#
900013,Mr.,Michael,N,Moore,M,michael.moore13@gmail.com,Father Moore,Mother Moore,Maiden13,05/15/1984,09:24:34 AM,42.26,50,11/22/2016,Q4,H2,2016,11,November,Nov,22,Tuesday,Tue,9.73,92191,14%,249-93-5770,994-598-7037,Detroit,Wayne,Detroit,MI,48201,Midwest,mmoore13,Pw13!xA9#
900014,Hon.,Briana,O,Anderson,F,briana.anderson14@yahoo.com,Father Anderson,Mother Anderson,Maiden14,06/26/1962,12:08:29 AM,64.14,72,11/26/2010,Q4,H2,2010,11,November,Nov,26,Friday,Fri,15.72,86328,26%,121-54-8368,956-957-8391,Chicago,Cook,Chicago,IL,60601,Midwest,banderson14,Pw14!xA9#
900015,Dr.,William,P,Moore,M,william.moore15@walmart.com,Father Moore,Mother Moore,Maiden15,04/28/1974,09:06:34 AM,52.3,100,11/17/2010,Q4,H2,2010,11,November,Nov,17,Wednesday,Wed,15.75,139276,28%,477-38-6571,295-478-9295,Wichita,Sedgwick,Wichita,KS,67202,Midwest,wmoore15,Pw15!xA9#
900016,Prof.,Estella,Q,Davis,F,estella.davis16@yahoo.com,Father Davis,Mother Davis,Maiden16,05/27/1973,01:12:17 AM,53.22,57,11/2/2017,Q4,H2,2017,11,November,Nov,2,Thursday,Thu,8.79,121316,23%,336-20-6194,285-549-9809,Atlanta,Fulton,Atlanta,GA,30303,South,edavis16,Pw16!xA9#
900017,Mr.,Michael,R,Anderson,M,michael.anderson17@walmart.com,Father Anderson,Mother Anderson,Maiden17,01/17/1981,12:53:53 AM,45.58,46,11/24/2020,Q4,H2,2020,11,November,Nov,24,Tuesday,Tue,5.73,117729,23%,987-72-6579,605-429-9212,Phoenix,Maricopa,Phoenix,AZ,85001,West,manderson17,Pw17!xA9#
900018,Mrs.,Briana,S,Thomas,F,briana.thomas18@walmart.com,Father Thomas,Mother Thomas,Maiden18,09/08/1967,08:23:42 AM,58.94,48,11/23/2015,Q4,H2,2015,11,November,Nov,23,Monday,Mon,10.73,107004,18%,423-55-4548,988-659-6620,Phoenix,Maricopa,Phoenix,AZ,85001,West,bthomas18,Pw18!xA9#
900019,Ms.,Robert,T,Brown,M,robert.brown19@outlook.com,Father Brown,Mother Brown,Maiden19,06/08/1974,06:04:58 AM,52.19,56,11/13/2018,Q4,H2,2018,11,November,Nov,13,Tuesday,Tue,7.76,84349,14%,225-43-9238,819-529-1899,Topeka,Shawnee,Topeka,KS,66603,Midwest,rbrown19,Pw19!xA9#
900020,Dr.,Jessica,U,Smith,F,jessica.smith20@gmail.com,Father Smith,Mother Smith,Maiden20,03/01/1961,11:28:17 AM,65.46,65,11/15/2008,Q4,H2,2008,11,November,Nov,15,Saturday,Sat,17.75,177543,19%,676-83-6636,454-907-8462,New York,New York,New York,NY,10001,Northeast,jsmith20,Pw20!xA9#
900021,Dr.,Charles,V,Thomas,M,charles.thomas21@outlook.com,Father Thomas,Mother Thomas,Maiden21,09/05/1985,11:31:46 AM,40.95,46,11/2/2015,Q4,H2,2015,11,November,Nov,2,Monday,Mon,10.79,142020,9%,588-78-1700,681-754-3319,Atlanta,Fulton,Atlanta,GA,30303,South,cthomas21,Pw21!xA9#
900022,Dr.,Jennifer,W,Wilson,F,jennifer.wilson22@gmail.com,Father Wilson,Mother Wilson,Maiden22,04/11/1962,12:37:57 AM,64.35,83,11/15/2006,Q4,H2,2006,11,November,Nov,15,Wednesday,Wed,19.75,154738,5%,428-59-4728,904-264-5151,Dallas,Dallas,Dallas,TX,75201,South,jwilson22,Pw22!xA9#
900023,Dr.,William,X,Brown,M,william.brown23@yahoo.com,Father Brown,Mother Brown,Maiden23,08/15/1969,04:02:17 AM,57.0,76,11/2/2018,Q4,H2,2018,11,November,Nov,2,Friday,Fri,7.79,165212,21%,269-77-4179,510-711-8657,Philadelphia,Philadelphia,Philadelphia,PA,19103,Northeast,wbrown23,Pw23!xA9#
900024,Dr.,Estella,Y,Miller,F,estella.miller24@gmail.com,Father Miller,Mother Miller,Maiden24,06/16/1973,09:59:04 AM,53.17,62,11/20/2019,Q4,H2,2019,11,November,Nov,20,Wednesday,Wed,6.74,134132,25%,501-62-8349,313-261-8088,Chicago,Cook,Chicago,IL,60601,Midwest,emiller24,Pw24!xA9#
900025,Dr.,Daniel,Z,Anderson,M,daniel.anderson25@yahoo.com,Father Anderson,Mother Anderson,Maiden25,05/17/1978,04:04:25 AM,48.25,47,11/7/2009,Q4,H2,2009,11,November,Nov,7,Saturday,Sat,16.77,153953,5%,111-62-6274,760-230-1685,Phoenix,Maricopa,Phoenix,AZ,85001,West,danderson25,Pw25!xA9#
900026,Dr.,Estella,A,White,F,estella.white26@gmail.com,Father White,Mother White,Maiden26,03/22/1979,04:32:01 AM,47.41,63,11/6/2014,Q4,H2,2014,11,November,Nov,6,Thursday,Thu,11.78,151846,28%,470-29-8633,430-624-4638,San Diego,San Diego,San Diego,CA,92101,West,ewhite26,Pw26!xA9#
900027,Dr.,Charles,B,Jackson,M,charles.jackson27@gmail.com,Father Jackson,Mother Jackson,Maiden27,06/05/1986,05:08:30 AM,40.2,76,11/13/2011,Q4,H2,2011,11,November,Nov,13,Sunday,Sun,14.76,164813,28%,837-23-3064,324-671-6781,Los Angeles,Los Angeles,Los Angeles,CA,90001,West,cjackson27,Pw27!xA9#
900028,Dr.,Rachel,C,Thomas,F,rachel.thomas28@gmail.com,Father Thomas,Mother Thomas,Maiden28,04/24/1983,09:53:56 AM,43.32,48,11/12/2014,Q4,H2,2014,11,November,Nov,12,Wednesday,Wed,11.76,171399,29%,197-85-6322,953-284-4374,Philadelphia,Philadelphia,Philadelphia,PA,19103,Northeast,rthomas28,Pw28!xA9#
900029,Dr.,Daniel,D,Brown,M,daniel.brown29@walmart.com,Father Brown,Mother Brown,Maiden29,09/08/1987,01:06:09 AM,38.94,50,11/28/2009,Q4,H2,2009,11,November,Nov,28,Saturday,Sat,16.72,152663,12%,568-65-4290,877-614-1976,Phoenix,Maricopa,Phoenix,AZ,85001,West,dbrown29,Pw29!xA9#
900030,Dr.,Shawna,E,Brown,F,shawna.brown30@gmail.com,Father Brown,Mother Brown,Maiden30,01/23/1986,04:15:50 AM,40.56,73,11/22/2009,Q4,H2,2009,11,November,Nov,22,Sunday,Sun,16.73,130880,18%,449-95-3343,291-891-1156,Kansas City,Wyandotte,Kansas City,KS,66101,Midwest,sbrown30,Pw30!xA9#
900031,Dr.,William,F,Wilson,M,william.wilson31@gmail.com,Father Wilson,Mother Wilson,Maiden31,03/11/1988,02:59:15 AM,38.43,80,11/27/2012,Q4,H2,2012,11,November,Nov,27,Tuesday,Tue,13.72,165949,14%,340-26-1013,819-985-9898,Philadelphia,Philadelphia,Philadelphia,PA,19103,Northeast,wwilson31,Pw31!xA9#
900032,Dr.,Sarah,G,Moore,F,sarah.moore32@gmail.com,Father Moore,Mother Moore,Maiden32,01/23/1989,10:18:22 AM,37.56,71,11/21/2016,Q4,H2,2016,11,November,Nov,21,Monday,Mon,9.74,178869,15%,806-10-6743,718-977-1047,Philadelphia,Philadelphia,Philadelphia,PA,19103,Northeast,smoore32,Pw32!xA9#
900033,Dr.,William,H,Johnson,M,william.johnson33@yahoo.com,Father Johnson,Mother Johnson,Maiden33,03/12/1989,07:40:43 AM,37.43,83,11/15/2015,Q4,H2,2015,11,November,Nov,15,Sunday,Sun,10.75,152016,7%,296-36-6869,637-996-8878,Lexington,Fayette,Lexington,KY,40501,South,wjohnson33,Pw33!xA9#
900034,Dr.,Sarah,I,Jackson,F,sarah.jackson34@gmail.com,Father Jackson,Mother Jackson,Maiden34,03/04/1984,04:23:11 AM,42.45,46,11/1/2017,Q4,H2,2017,11,November,Nov,1,Wednesday,Wed,8.79,151939,8%,239-87-2661,476-324-2205,Lexington,Fayette,Lexington,KY,40501,South,sjackson34,Pw34!xA9#
900035,Prof.,David,J,Smith,M,david.smith35@walmart.com,Father Smith,Mother Smith,Maiden35,06/13/1969,09:50:35 AM,57.18,84,11/9/2009,Q4,H2,2009,11,November,Nov,9,Monday,Mon,16.77,146519,8%,782-78-2981,537-493-6053,Philadelphia,Philadelphia,Philadelphia,PA,19103,Northeast,dsmith35,Pw35!xA9#
900036,Prof.,Amanda,K,Davis,F,amanda.davis36@yahoo.com,Father Davis,Mother Davis,Maiden36,02/20/1967,03:24:00 AM,59.49,67,11/25/2008,Q4,H2,2008,11,November,Nov,25,Tuesday,Tue,17.72,111361,18%,314-40-1070,627-332-2373,Chicago,Cook,Chicago,IL,60601,Midwest,adavis36,Pw36!xA9#
900037,Prof.,Michael,L,Anderson,M,michael.anderson37@gmail.com,Father Anderson,Mother Anderson,Maiden37,03/20/1982,10:25:17 AM,44.41,46,11/27/2017,Q4,H2,2017,11,November,Nov,27,Monday,Mon,8.72,121063,23%,154-91-9906,931-392-6084,Lexington,Fayette,Lexington,KY,40501,South,manderson37,Pw37!xA9#
900038,Prof.,Sarah,M,Thomas,F,sarah.thomas38@yahoo.com,Father Thomas,Mother Thomas,Maiden38,05/23/1977,07:13:31 AM,49.23,63,11/22/2005,Q4,H2,2005,11,November,Nov,22,Tuesday,Tue,20.73,150048,6%,532-18-3522,374-882-1775,Boston,Suffolk,Boston,MA,2108,Northeast,sthomas38,Pw38!xA9#
900039,Prof.,Charles,N,Davis,M,charles.davis39@outlook.com,Father Davis,Mother Davis,Maiden39,05/20/1989,12:34:23 AM,37.24,81,11/19/2019,Q4,H2,2019,11,November,Nov,19,Tuesday,Tue,6.74,111565,7%,950-37-2469,649-243-9764,Kansas City,Wyandotte,Kansas City,KS,66101,Midwest,cdavis39,Pw39!xA9#
900040,Prof.,Sarah,O,White,F,sarah.white40@gmail.com,Father White,Mother White,Maiden40,01/17/1959,07:51:46 AM,67.58,51,11/28/2009,Q4,H2,2009,11,November,Nov,28,Saturday,Sat,16.72,113606,20%,730-59-6468,877-386-7630,Topeka,Shawnee,Topeka,KS,66603,Midwest,swhite40,Pw40!xA9#
900041,Prof.,Daniel,P,Jackson,M,daniel.jackson41@walmart.com,Father Jackson,Mother Jackson,Maiden41,01/14/1978,06:32:26 AM,48.59,82,11/7/2006,Q4,H2,2006,11,November,Nov,7,Tuesday,Tue,19.78,107227,27%,369-46-7733,388-746-9669,Kansas City,Wyandotte,Kansas City,KS,66101,Midwest,djackson41,Pw41!xA9#
900042,Prof.,Rachel,Q,Johnson,F,rachel.johnson42@yahoo.com,Father Johnson,Mother Johnson,Maiden42,02/14/1961,11:15:40 AM,65.5,100,11/17/2009,Q4,H2,2009,11,November,Nov,17,Tuesday,Tue,16.75,114840,30%,947-80-8854,230-580-5853,Wichita,Sedgwick,Wichita,KS,67202,Midwest,rjohnson42,Pw42!xA9#
900043,Prof.,Thomas,R,Wilson,M,thomas.wilson43@gmail.com,Father Wilson,Mother Wilson,Maiden43,04/12/1986,10:06:31 AM,40.35,68,11/7/2015,Q4,H2,2015,11,November,Nov,7,Saturday,Sat,10.78,145650,30%,481-63-3903,307-873-2193,New York,New York,New York,NY,10001,Northeast,twilson43,Pw43!xA9#
900044,Prof.,Estella,S,Thomas,F,estella.thomas44@outlook.com,Father Thomas,Mother Thomas,Maiden44,01/08/1965,06:20:38 AM,61.6,59,11/25/2008,Q4,H2,2008,11,November,Nov,25,Tuesday,Tue,17.72,113612,25%,964-63-5381,545-892-8878,Detroit,Wayne,Detroit,MI,48201,Midwest,ethomas44,Pw44!xA9#
900045,Mr.,Michael,T,Davis,M,michael.davis45@yahoo.com,Father Davis,Mother Davis,Maiden45,01/24/1986,11:43:25 AM,40.56,54,11/12/2009,Q4,H2,2009,11,November,Nov,12,Thursday,Thu,16.76,82298,28%,928-32-5080,720-869-3992,Topeka,Shawnee,Topeka,KS,66603,Midwest,mdavis45,Pw45!xA9#
900046,Mrs.,Amanda,U,Anderson,F,amanda.anderson46@outlook.com,Father Anderson,Mother Anderson,Maiden46,03/01/1972,04:04:27 AM,54.46,77,11/9/2009,Q4,H2,2009,11,November,Nov,9,Monday,Mon,16.77,116087,28%,969-70-7493,526-248-8034,Phoenix,Maricopa,Phoenix,AZ,85001,West,aanderson46,Pw46!xA9#
900047,Mr.,Daniel,V,White,M,daniel.white47@walmart.com,Father White,Mother White,Maiden47,03/28/1997,06:20:49 AM,29.39,47,11/15/2019,Q4,H2,2019,11,November,Nov,15,Friday,Fri,6.75,121829,12%,817-80-8800,946-987-6589,Boston,Suffolk,Boston,MA,2108,Northeast,dwhite47,Pw47!xA9#
900048,Mr.,Estella,W,Smith,F,estella.smith48@outlook.com,Father Smith,Mother Smith,Maiden48,07/19/1959,11:53:00 AM,67.08,75,11/27/2011,Q4,H2,2011,11,November,Nov,27,Sunday,Sun,14.72,118704,16%,764-26-5410,565-757-6091,Seattle,King,Seattle,WA,98101,West,esmith48,Pw48!xA9#
900049,Mr.,James,X,Wilson,M,james.wilson49@outlook.com,Father Wilson,Mother Wilson,Maiden49,02/18/1981,09:26:25 AM,45.49,45,11/18/2008,Q4,H2,2008,11,November,Nov,18,Tuesday,Tue,17.74,88472,27%,611-18-4087,387-557-4750,Topeka,Shawnee,Topeka,KS,66603,Midwest,jwilson49,Pw49!xA9#
900050,Ms.,Jennifer,Y,White,F,jennifer.white50@outlook.com,Father White,Mother White,Maiden50,08/07/1983,02:12:16 AM,43.03,77,11/13/2008,Q4,H2,2008,11,November,Nov,13,Thursday,Thu,17.76,110883,7%,809-25-7032,379-394-2350,Phoenix,Maricopa,Phoenix,AZ,85001,West,jwhite50,Pw50!xA9#
900051,Dr.,James,Z,Moore,M,james.moore51@gmail.com,Father Moore,Mother Moore,Maiden51,10/31/1964,02:59:19 AM,61.79,71,11/15/2018,Q4,H2,2018,11,November,Nov,15,Thursday,Thu,7.75,150661,21%,502-58-6444,576-557-2033,Seattle,King,Seattle,WA,98101,West,jmoore51,Pw51!xA9#
900052,Mr.,Jennifer,A,Thomas,F,jennifer.thomas52@yahoo.com,Father Thomas,Mother Thomas,Maiden52,06/14/1975,05:20:44 AM,51.18,100,11/13/2019,Q4,H2,2019,11,November,Nov,13,Wednesday,Wed,6.76,85265,14%,255-50-8728,569-431-9755,Wichita,Sedgwick,Wichita,KS,67202,Midwest,jthomas52,Pw52!xA9#
900053,Ms.,Nathaniel,B,Thomas,M,nathaniel.thomas53@yahoo.com,Father Thomas,Mother Thomas,Maiden53,01/29/1979,05:58:49 AM,47.55,75,11/11/2011,Q4,H2,2011,11,November,Nov,11,Friday,Fri,14.77,91472,10%,301-69-8902,538-687-8322,Detroit,Wayne,Detroit,MI,48201,Midwest,nthomas53,Pw53!xA9#
900054,Ms.,Amanda,C,Miller,F,amanda.miller54@gmail.com,Father Miller,Mother Miller,Maiden54,03/31/1968,10:54:20 AM,58.38,74,11/21/2007,Q4,H2,2007,11,November,Nov,21,Wednesday,Wed,18.74,134194,17%,679-82-9689,332-438-1939,New York,New York,New York,NY,10001,Northeast,amiller54,Pw54!xA9#
900055,Ms.,Michael,D,White,M,michael.white55@yahoo.com,Father White,Mother White,Maiden55,05/11/1981,09:15:58 AM,45.27,63,11/20/2013,Q4,H2,2013,11,November,Nov,20,Wednesday,Wed,12.74,117731,27%,527-20-7317,760-264-7033,Seattle,King,Seattle,WA,98101,West,mwhite55,Pw55!xA9#
900056,Mrs.,Amanda,E,White,F,amanda.white56@yahoo.com,Father White,Mother White,Maiden56,07/01/1957,05:26:09 AM,69.13,53,11/12/2010,Q4,H2,2010,11,November,Nov,12,Friday,Fri,15.76,89632,10%,565-44-4801,827-400-5861,Detroit,Wayne,Detroit,MI,48201,Midwest,awhite56,Pw56!xA9#
900057,Ms.,Robert,F,Thomas,M,robert.thomas57@yahoo.com,Father Thomas,Mother Thomas,Maiden57,11/01/1969,06:39:42 AM,56.79,56,11/20/2011,Q4,H2,2011,11,November,Nov,20,Sunday,Sun,14.74,120421,30%,265-51-1647,302-449-1676,New York,New York,New York,NY,10001,Northeast,rthomas57,Pw57!xA9#
900058,Mr.,Jennifer,G,Davis,F,jennifer.davis58@gmail.com,Father Davis,Mother Davis,Maiden58,08/16/1992,10:42:15 AM,34.0,78,11/6/2018,Q4,H2,2018,11,November,Nov,6,Tuesday,Tue,7.78,114113,25%,204-63-3552,443-888-6027,Seattle,King,Seattle,WA,98101,West,jdavis58,Pw58!xA9#
900059,Dr.,Michael,H,Taylor,M,michael.taylor59@outlook.com,Father Taylor,Mother Taylor,Maiden59,03/29/1968,07:46:38 AM,58.38,64,11/1/2017,Q4,H2,2017,11,November,Nov,1,Wednesday,Wed,8.79,172987,10%,683-28-4152,434-506-8225,Philadelphia,Philadelphia,Philadelphia,PA,19103,Northeast,mtaylor59,Pw59!xA9#
900060,Hon.,Rachel,I,Brown,F,rachel.brown60@gmail.com,Father Brown,Mother Brown,Maiden60,04/30/1981,02:19:40 AM,45.3,76,11/17/2010,Q4,H2,2010,11,November,Nov,17,Wednesday,Wed,15.75,98807,10%,817-12-9173,936-984-7638,Houston,Harris,Houston,TX,77002,South,rbrown60,Pw60!xA9#
900061,Mrs.,Robert,J,Anderson,M,robert.anderson61@walmart.com,Father Anderson,Mother Anderson,Maiden61,05/31/1993,09:19:17 AM,33.21,62,11/23/2018,Q4,H2,2018,11,November,Nov,23,Friday,Fri,7.73,107952,12%,255-89-4347,394-209-2483,Dallas,Dallas,Dallas,TX,75201,South,randerson61,Pw61!xA9#
900062,Mr.,Jessica,K,Anderson,F,jessica.anderson62@gmail.com,Father Anderson,Mother Anderson,Maiden62,01/03/1965,07:34:19 AM,61.62,77,11/6/2007,Q4,H2,2007,11,November,Nov,6,Tuesday,Tue,18.78,110295,8%,878-67-1399,344-471-6474,Phoenix,Maricopa,Phoenix,AZ,85001,West,janderson62,Pw62!xA9#
900063,Dr.,Michael,L,Taylor,M,michael.taylor63@walmart.com,Father Taylor,Mother Taylor,Maiden63,08/12/1961,06:54:07 AM,65.01,75,11/4/2014,Q4,H2,2014,11,November,Nov,4,Tuesday,Tue,11.78,158111,12%,467-99-5169,473-787-9635,Seattle,King,Seattle,WA,98101,West,mtaylor63,Pw63!xA9#
900064,Mr.,Elisabeth,M,Johnson,F,elisabeth.johnson64@yahoo.com,Father Johnson,Mother Johnson,Maiden64,09/23/1974,03:15:11 AM,51.9,69,11/27/2016,Q4,H2,2016,11,November,Nov,27,Sunday,Sun,9.72,127330,25%,791-52-4391,938-663-3353,Philadelphia,Philadelphia,Philadelphia,PA,19103,Northeast,ejohnson64,Pw64!xA9#
900065,Mrs.,Charles,N,Davis,M,charles.davis65@walmart.com,Father Davis,Mother Davis,Maiden65,08/31/1987,07:34:44 AM,38.96,81,11/13/2016,Q4,H2,2016,11,November,Nov,13,Sunday,Sun,9.76,109233,18%,803-93-1092,923-436-8778,San Diego,San Diego,San Diego,CA,92101,West,cdavis65,Pw65!xA9#
900066,Ms.,Estella,O,Jackson,F,estella.jackson66@gmail.com,Father Jackson,Mother Jackson,Maiden66,11/23/1962,11:29:21 AM,63.73,65,11/15/2016,Q4,H2,2016,11,November,Nov,15,Tuesday,Tue,9.75,90019,19%,784-16-4890,223-465-3183,Detroit,Wayne,Detroit,MI,48201,Midwest,ejackson66,Pw66!xA9#
900067,Ms.,William,P,Brown,M,william.brown67@outlook.com,Father Brown,Mother Brown,Maiden67,04/11/1985,09:30:03 AM,41.35,62,11/17/2012,Q4,H2,2012,11,November,Nov,17,Saturday,Sat,13.75,97835,17%,676-63-5254,910-876-6325,Lexington,Fayette,Lexington,KY,40501,South,wbrown67,Pw67!xA9#
900068,Mr.,Briana,Q,Johnson,F,briana.johnson68@walmart.com,Father Johnson,Mother Johnson,Maiden68,06/02/1976,08:34:47 AM,50.21,71,11/3/2014,Q4,H2,2014,11,November,Nov,3,Monday,Mon,11.79,107751,20%,734-15-1907,444-351-8607,Seattle,King,Seattle,WA,98101,West,bjohnson68,Pw68!xA9#
900069,Mr.,Daniel,R,Davis,M,daniel.davis69@walmart.com,Father Davis,Mother Davis,Maiden69,01/22/1957,03:12:14 AM,69.57,84,11/28/2006,Q4,H2,2006,11,November,Nov,28,Tuesday,Tue,19.72,118733,5%,805-18-2186,722-750-9259,Phoenix,Maricopa,Phoenix,AZ,85001,West,ddavis69,Pw69!xA9#
900070,Mrs.,Amanda,S,Anderson,F,amanda.anderson70@yahoo.com,Father Anderson,Mother Anderson,Maiden70,04/12/1972,09:39:13 AM,54.35,85,11/11/2011,Q4,H2,2011,11,November,Nov,11,Friday,Fri,14.77,133202,11%,135-94-9466,398-841-5903,New York,New York,New York,NY,10001,Northeast,aanderson70,Pw70!xA9#
900071,Mr.,William,T,Taylor,M,william.taylor71@walmart.com,Father Taylor,Mother Taylor,Maiden71,10/08/1982,11:14:23 AM,43.86,49,11/5/2015,Q4,H2,2015,11,November,Nov,5,Thursday,Thu,10.78,107500,8%,731-66-1920,929-969-1338,Los Angeles,Los Angeles,Los Angeles,CA,90001,West,wtaylor71,Pw71!xA9#
900072,Dr.,Jennifer,U,Thomas,F,jennifer.thomas72@gmail.com,Father Thomas,Mother Thomas,Maiden72,09/14/1980,11:12:52 AM,45.92,51,11/24/2017,Q4,H2,2017,11,November,Nov,24,Friday,Fri,8.73,135743,29%,980-48-7749,451-653-6083,Topeka,Shawnee,Topeka,KS,66603,Midwest,jthomas72,Pw72!xA9#
900073,Mr.,Robert,V,Thomas,M,robert.thomas73@walmart.com,Father Thomas,Mother Thomas,Maiden73,02/15/1970,03:29:31 AM,56.5,77,11/21/2013,Q4,H2,2013,11,November,Nov,21,Thursday,Thu,12.74,111047,21%,166-92-3177,347-855-8125,Phoenix,Maricopa,Phoenix,AZ,85001,West,rthomas73,Pw73!xA9#
900074,Ms.,Shawna,W,Jackson,F,shawna.jackson74@yahoo.com,Father Jackson,Mother Jackson,Maiden74,02/17/1975,03:55:39 AM,51.5,58,11/7/2011,Q4,H2,2011,11,November,Nov,7,Monday,Mon,14.78,105412,9%,368-41-8133,340-796-9417,Phoenix,Maricopa,Phoenix,AZ,85001,West,sjackson74,Pw74!xA9#
900075,Dr.,Daniel,X,Moore,M,daniel.moore75@yahoo.com,Father Moore,Mother Moore,Maiden75,07/04/1957,04:03:55 AM,69.12,100,11/24/2007,Q4,H2,2007,11,November,Nov,24,Saturday,Sat,18.73,134708,20%,449-53-4338,888-601-7509,Wichita,Sedgwick,Wichita,KS,67202,Midwest,dmoore75,Pw75!xA9#
900076,Ms.,Rachel,Y,Johnson,F,rachel.johnson76@outlook.com,Father Johnson,Mother Johnson,Maiden76,10/15/1987,03:20:14 AM,38.84,81,11/23/2017,Q4,H2,2017,11,November,Nov,23,Thursday,Thu,8.73,133757,16%,648-84-1612,389-977-8166,New York,New York,New York,NY,10001,Northeast,rjohnson76,Pw76!xA9#
900077,Hon.,David,Z,Taylor,M,david.taylor77@outlook.com,Father Taylor,Mother Taylor,Maiden77,01/25/1983,02:10:45 AM,43.56,48,11/16/2005,Q4,H2,2005,11,November,Nov,16,Wednesday,Wed,20.75,90239,8%,235-52-4119,461-447-4108,Chicago,Cook,Chicago,IL,60601,Midwest,dtaylor77,Pw77!xA9#
900078,Mr.,Estella,A,Taylor,F,estella.taylor78@yahoo.com,Father Taylor,Mother Taylor,Maiden78,02/09/1975,12:31:47 AM,51.52,53,11/16/2011,Q4,H2,2011,11,November,Nov,16,Wednesday,Wed,14.75,89054,20%,694-95-4897,317-632-2784,Kansas City,Wyandotte,Kansas City,KS,66101,Midwest,etaylor78,Pw78!xA9#
900079,Mrs.,Thomas,B,Johnson,M,thomas.johnson79@yahoo.com,Father Johnson,Mother Johnson,Maiden79,08/17/1965,09:08:15 AM,61.0,79,11/5/2007,Q4,H2,2007,11,November,Nov,5,Monday,Mon,18.78,129574,12%,351-31-2394,472-985-6020,Philadelphia,Philadelphia,Philadelphia,PA,19103,Northeast,tjohnson79,Pw79!xA9#
900080,Mr.,Elisabeth,C,Davis,F,elisabeth.davis80@walmart.com,Father Davis,Mother Davis,Maiden80,09/13/1989,01:51:04 AM,36.93,77,11/12/2016,Q4,H2,2016,11,November,Nov,12,Saturday,Sat,9.76,98916,27%,856-45-2292,990-886-9521,Atlanta,Fulton,Atlanta,GA,30303,South,edavis80,Pw80!xA9#
900081,Mr.,Charles,D,Moore,M,charles.moore81@outlook.com,Father Moore,Mother Moore,Maiden81,03/12/1970,08:02:04 AM,56.43,80,11/28/2019,Q4,H2,2019,11,November,Nov,28,Thursday,Thu,6.72,123429,30%,886-17-2768,303-684-7402,Boston,Suffolk,Boston,MA,2108,Northeast,cmoore81,Pw81!xA9#
900082,Dr.,Estella,E,Anderson,F,estella.anderson82@gmail.com,Father Anderson,Mother Anderson,Maiden82,03/28/1957,12:54:56 AM,69.39,100,11/12/2011,Q4,H2,2011,11,November,Nov,12,Saturday,Sat,14.76,139819,23%,267-89-5957,465-264-8321,Wichita,Sedgwick,Wichita,KS,67202,Midwest,eanderson82,Pw82!xA9#
900083,Mr.,Nathaniel,F,Johnson,M,nathaniel.johnson83@walmart.com,Father Johnson,Mother Johnson,Maiden83,01/09/1962,02:08:29 AM,64.6,74,11/14/2013,Q4,H2,2013,11,November,Nov,14,Thursday,Thu,12.76,91943,26%,241-89-9799,809-831-6068,Kansas City,Wyandotte,Kansas City,KS,66101,Midwest,njohnson83,Pw83!xA9#
900084,Ms.,Rachel,G,White,F,rachel.white84@yahoo.com,Father White,Mother White,Maiden84,01/27/1970,03:12:49 AM,56.55,81,11/21/2020,Q4,H2,2020,11,November,Nov,21,Saturday,Sat,5.74,134250,12%,902-92-8450,522-273-2532,Boston,Suffolk,Boston,MA,2108,Northeast,rwhite84,Pw84!xA9#
900085,Ms.,Thomas,H,Davis,M,thomas.davis85@walmart.com,Father Davis,Mother Davis,Maiden85,06/01/1981,11:56:35 AM,45.21,79,11/10/2017,Q4,H2,2017,11,November,Nov,10,Friday,Fri,8.77,103788,23%,662-12-9645,310-649-3087,Dallas,Dallas,Dallas,TX,75201,South,tdavis85,Pw85!xA9#
900086,Prof.,Briana,I,Taylor,F,briana.taylor86@yahoo.com,Father Taylor,Mother Taylor,Maiden86,07/20/1992,02:06:39 AM,34.08,53,12/24/2019,Q4,H2,2019,12,December,Dec,24,Tuesday,Tue,6.65,109491,23%,388-53-3242,523-903-8160,Detroit,Wayne,Detroit,MI,48201,Midwest,btaylor86,Pw86!xA9#
900087,Mr.,William,J,Johnson,M,william.johnson87@gmail.com,Father Johnson,Mother Johnson,Maiden87,08/20/1976,05:55:54 AM,49.99,85,9/12/2017,Q3,H2,2017,9,September,Sep,12,Tuesday,Tue,8.93,92653,12%,401-69-9871,420-667-2167,Topeka,Shawnee,Topeka,KS,66603,Midwest,wjohnson87,Pw87!xA9#
900088,Dr.,Estella,K,Davis,F,estella.davis88@gmail.com,Father Davis,Mother Davis,Maiden88,08/18/1978,07:22:52 AM,48.0,63,9/5/2014,Q3,H2,2014,9,September,Sep,5,Friday,Fri,11.95,143022,12%,528-67-3601,207-496-9253,Lexington,Fayette,Lexington,KY,40501,South,edavis88,Pw88!xA9#
900089,Dr.,Matthew,L,Smith,M,matthew.smith89@gmail.com,Father Smith,Mother Smith,Maiden89,04/30/1983,12:57:15 AM,43.3,64,8/6/2018,Q3,H2,2018,8,August,Aug,6,Monday,Mon,8.03,145115,19%,331-10-1652,573-500-3333,Dallas,Dallas,Dallas,TX,75201,South,msmith89,Pw89!xA9#
900090,Mrs.,Jessica,M,White,F,jessica.white90@yahoo.com,Father White,Mother White,Maiden90,10/13/1989,02:09:11 AM,36.84,80,4/27/2019,Q2,H1,2019,4,April,Apr,27,Saturday,Sat,7.31,80362,30%,666-80-9752,730-206-1970,Kansas City,Wyandotte,Kansas City,KS,66101,Midwest,jwhite90,Pw90!xA9#
900091,Ms.,James,N,Davis,M,james.davis91@gmail.com,Father Davis,Mother Davis,Maiden91,10/29/1963,01:54:44 AM,62.8,76,12/6/2016,Q4,H2,2016,12,December,Dec,6,Tuesday,Tue,9.69,111908,24%,363-37-7286,814-846-6621,Phoenix,Maricopa,Phoenix,AZ,85001,West,jdavis91,Pw91!xA9#
900092,Mr.,Rachel,O,Thomas,F,rachel.thomas92@outlook.com,Father Thomas,Mother Thomas,Maiden92,03/21/1981,03:20:39 AM,45.41,46,3/10/2011,Q1,H1,2011,3,March,Mar,10,Thursday,Thu,15.44,103184,20%,903-78-8535,936-489-3324,Lexington,Fayette,Lexington,KY,40501,South,rthomas92,Pw92!xA9#
900093,Dr.,James,P,Davis,M,james.davis93@yahoo.com,Father Davis,Mother Davis,Maiden93,10/19/1968,05:31:42 AM,57.83,46,6/7/2007,Q2,H1,2007,6,June,Jun,7,Thursday,Thu,19.2,160999,18%,136-86-8829,664-427-4384,Phoenix,Maricopa,Phoenix,AZ,85001,West,jdavis93,Pw93!xA9#
900094,Ms.,Jessica,Q,Johnson,F,jessica.johnson94@yahoo.com,Father Johnson,Mother Johnson,Maiden94,12/15/1977,09:49:53 AM,48.67,47,6/21/2008,Q2,H1,2008,6,June,Jun,21,Saturday,Sat,18.15,108238,25%,975-77-4297,377-464-7756,Los Angeles,Los Angeles,Los Angeles,CA,90001,West,jjohnson94,Pw94!xA9#
900095,Dr.,William,R,Jackson,M,william.jackson95@outlook.com,Father Jackson,Mother Jackson,Maiden95,10/09/1972,11:05:00 AM,53.85,61,10/1/2008,Q4,H2,2008,10,October,Oct,1,Wednesday,Wed,17.88,149163,15%,782-60-7666,865-788-6697,Lexington,Fayette,Lexington,KY,40501,South,wjackson95,Pw95!xA9#
900096,Prof.,Emily,S,Miller,F,emily.miller96@gmail.com,Father Miller,Mother Miller,Maiden96,06/16/1979,06:13:57 AM,47.17,72,7/24/2009,Q3,H2,2009,7,July,Jul,24,Friday,Fri,17.07,131516,28%,155-99-1086,616-377-2653,Phoenix,Maricopa,Phoenix,AZ,85001,West,emiller96,Pw96!xA9#
900097,Mrs.,Robert,T,Miller,M,robert.miller97@outlook.com,Father Miller,Mother Miller,Maiden97,09/30/1964,09:02:19 AM,61.88,78,10/10/2010,Q4,H2,2010,10,October,Oct,10,Sunday,Sun,15.85,97763,14%,390-59-1487,869-265-9854,Atlanta,Fulton,Atlanta,GA,30303,South,rmiller97,Pw97!xA9#
900098,Mrs.,Shawna,U,Wilson,F,shawna.wilson98@yahoo.com,Father Wilson,Mother Wilson,Maiden98,03/19/1965,09:02:08 AM,61.41,77,2/2/2011,Q1,H1,2011,2,February,Feb,2,Wednesday,Wed,15.54,109755,14%,371-52-9954,625-478-3955,Atlanta,Fulton,Atlanta,GA,30303,South,swilson98,Pw98!xA9#
900099,Prof.,Charles,V,Davis,M,charles.davis99@walmart.com,Father Davis,Mother Davis,Maiden99,10/09/1986,07:39:31 AM,39.85,55,10/14/2019,Q4,H2,2019,10,October,Oct,14,Monday,Mon,6.84,120316,6%,446-46-9512,933-232-4233,Houston,Harris,Houston,TX,77002,South,cdavis99,Pw99!xA9#
900100,Prof.,Amanda,W,Brown,F,amanda.brown100@gmail.com,Father Brown,Mother Brown,Maiden100,10/16/1969,02:40:43 AM,56.84,83,6/11/2016,Q2,H1,2016,6,June,Jun,11,Saturday,Sat,10.18,150965,25%,699-32-6344,460-395-9393,Philadelphia,Philadelphia,Philadelphia,PA,19103,Northeast,abrown100,Pw100!xA9#
900101,Mrs.,David,X,Jackson,M,david.jackson101@yahoo.com,Father Jackson,Mother Jackson,Maiden101,06/02/1968,06:43:31 AM,58.21,80,8/23/2014,Q3,H2,2014,8,August,Aug,23,Saturday,Sat,11.98,107288,29%,728-54-7953,915-564-9092,Dallas,Dallas,Dallas,TX,75201,South,djackson101,Pw101!xA9#
900102,Ms.,Amanda,Y,Smith,F,amanda.smith102@gmail.com,Father Smith,Mother Smith,Maiden102,06/30/1974,05:18:07 AM,52.13,76,7/18/2009,Q3,H2,2009,7,July,Jul,18,Saturday,Sat,17.08,94967,8%,281-73-6853,347-889-6918,Chicago,Cook,Chicago,IL,60601,Midwest,asmith102,Pw102!xA9#
900103,Dr.,James,Z,Jackson,M,james.jackson103@gmail.com,Father Jackson,Mother Jackson,Maiden103,07/01/1980,12:28:44 AM,46.13,72,6/14/2007,Q2,H1,2007,6,June,Jun,14,Thursday,Thu,19.18,150913,10%,627-40-1983,418-735-3620,Houston,Harris,Houston,TX,77002,South,jjackson103,Pw103!xA9#
900104,Mrs.,Briana,A,Smith,F,briana.smith104@gmail.com,Father Smith,Mother Smith,Maiden104,06/02/1983,09:46:52 AM,43.21,100,9/25/2010,Q3,H2,2010,9,September,Sep,25,Saturday,Sat,15.89,84024,12%,589-58-6651,388-529-1780,Wichita,Sedgwick,Wichita,KS,67202,Midwest,bsmith104,Pw104!xA9#
900105,Prof.,Michael,B,Moore,M,michael.moore105@gmail.com,Father Moore,Mother Moore,Maiden105,12/18/1956,09:46:39 AM,69.66,49,5/25/2007,Q2,H1,2007,5,May,May,25,Friday,Fri,19.23,113780,7%,459-29-8194,736-619-8441,Chicago,Cook,Chicago,IL,60601,Midwest,mmoore105,Pw105!xA9#
900106,Mr.,Shawna,C,Smith,F,shawna.smith106@gmail.com,Father Smith,Mother Smith,Maiden106,08/04/1986,05:38:03 AM,40.04,78,1/25/2017,Q1,H1,2017,1,January,Jan,25,Wednesday,Wed,9.56,98428,17%,579-79-8527,695-519-2510,Lexington,Fayette,Lexington,KY,40501,South,ssmith106,Pw106!xA9#
900107,Ms.,Michael,D,Moore,M,michael.moore107@walmart.com,Father Moore,Mother Moore,Maiden107,08/16/1973,06:08:22 AM,53.0,69,2/12/2018,Q1,H1,2018,2,February,Feb,12,Monday,Mon,8.51,98323,8%,755-17-7254,961-284-8641,Dallas,Dallas,Dallas,TX,75201,South,mmoore107,Pw107!xA9#
900108,Ms.,Rachel,E,Miller,F,rachel.miller108@yahoo.com,Father Miller,Mother Miller,Maiden108,03/24/1970,07:26:47 AM,56.4,46,8/18/2007,Q3,H2,2007,8,August,Aug,18,Saturday,Sat,19.0,134723,28%,484-67-9571,489-515-7088,Boston,Suffolk,Boston,MA,2108,Northeast,rmiller108,Pw108!xA9#
900109,Prof.,Charles,F,Taylor,M,charles.taylor109@yahoo.com,Father Taylor,Mother Taylor,Maiden109,01/20/1983,02:59:13 AM,43.57,60,6/3/2017,Q2,H1,2017,6,June,Jun,3,Saturday,Sat,9.2,135159,27%,665-53-7997,941-238-8824,Phoenix,Maricopa,Phoenix,AZ,85001,West,ctaylor109,Pw109!xA9#
900110,Prof.,Briana,G,Taylor,F,briana.taylor110@yahoo.com,Father Taylor,Mother Taylor,Maiden110,03/20/1983,06:11:57 AM,43.41,70,1/2/2019,Q1,H1,2019,1,January,Jan,2,Wednesday,Wed,7.62,106529,13%,750-27-2705,965-355-2162,Topeka,Shawnee,Topeka,KS,66603,Midwest,btaylor110,Pw110!xA9#
900111,Ms.,David,H,Wilson,M,david.wilson111@gmail.com,Father Wilson,Mother Wilson,Maiden111,09/18/1973,05:54:16 AM,52.91,58,10/28/2017,Q4,H2,2017,10,October,Oct,28,Saturday,Sat,8.8,100063,9%,879-58-5455,792-888-1797,Houston,Harris,Houston,TX,77002,South,dwilson111,Pw111!xA9#
900112,Mr.,Elisabeth,I,Johnson,F,elisabeth.johnson112@yahoo.com,Father Johnson,Mother Johnson,Maiden112,01/03/1973,06:27:07 AM,53.62,84,1/5/2012,Q1,H1,2012,1,January,Jan,5,Thursday,Thu,14.61,115671,14%,155-11-9969,398-377-6615,Seattle,King,Seattle,WA,98101,West,ejohnson112,Pw112!xA9#
900113,Mrs.,Charles,J,Miller,M,charles.miller113@gmail.com,Father Miller,Mother Miller,Maiden113,10/17/1965,01:50:27 AM,60.83,62,10/14/2015,Q4,H2,2015,10,October,Oct,14,Wednesday,Wed,10.84,127633,14%,150-35-5147,631-363-6564,Philadelphia,Philadelphia,Philadelphia,PA,19103,Northeast,cmiller113,Pw113!xA9#
900114,Mr.,Jennifer,K,Moore,F,jennifer.moore114@outlook.com,Father Moore,Mother Moore,Maiden114,09/06/1984,09:16:52 AM,41.94,71,3/10/2015,Q1,H1,2015,3,March,Mar,10,Tuesday,Tue,11.44,93686,22%,656-90-9456,565-460-7010,Detroit,Wayne,Detroit,MI,48201,Midwest,jmoore114,Pw114!xA9#
900115,Mr.,Charles,L,Davis,M,charles.davis115@gmail.com,Father Davis,Mother Davis,Maiden115,06/27/1963,02:52:08 AM,63.14,54,12/6/2005,Q4,H2,2005,12,December,Dec,6,Tuesday,Tue,20.7,120718,11%,328-68-3626,297-966-4806,Philadelphia,Philadelphia,Philadelphia,PA,19103,Northeast,cdavis115,Pw115!xA9#
900116,Mr.,Rachel,M,Anderson,F,rachel.anderson116@yahoo.com,Father Anderson,Mother Anderson,Maiden116,07/29/1955,08:11:53 AM,71.05,59,3/13/2008,Q1,H1,2008,3,March,Mar,13,Thursday,Thu,18.43,89696,6%,175-70-7059,446-921-2532,Detroit,Wayne,Detroit,MI,48201,Midwest,randerson116,Pw116!xA9#
900117,Dr.,Matthew,N,Moore,M,matthew.moore117@walmart.com,Father Moore,Mother Moore,Maiden117,12/04/1952,10:34:58 AM,73.7,85,6/2/2006,Q2,H1,2006,6,June,Jun,2,Friday,Fri,20.21,165289,26%,593-44-1571,688-906-9714,Philadelphia,Philadelphia,Philadelphia,PA,19103,Northeast,mmoore117,Pw117!xA9#
900118,Ms.,Jennifer,O,Jackson,F,jennifer.jackson118@yahoo.com,Father Jackson,Mother Jackson,Maiden118,03/11/1974,01:26:45 AM,52.44,100,6/8/2016,Q2,H1,2016,6,June,Jun,8,Wednesday,Wed,10.19,84265,5%,278-66-1151,687-963-8471,Wichita,Sedgwick,Wichita,KS,67202,Midwest,jjackson118,Pw118!xA9#
900119,Ms.,Charles,P,Brown,M,charles.brown119@walmart.com,Father Brown,Mother Brown,Maiden119,03/27/1967,06:23:45 AM,59.39,75,10/23/2016,Q4,H2,2016,10,October,Oct,23,Sunday,Sun,9.82,118324,24%,401-77-6311,758-526-9556,Los Angeles,Los Angeles,Los Angeles,CA,90001,West,cbrown119,Pw119!xA9#
900120,Ms.,Sarah,Q,Jackson,F,sarah.jackson120@walmart.com,Father Jackson,Mother Jackson,Maiden120,11/20/1960,02:49:39 AM,65.74,56,10/20/2010,Q4,H2,2010,10,October,Oct,20,Wednesday,Wed,15.82,95483,30%,588-45-2339,505-529-2689,Houston,Harris,Houston,TX,77002,South,sjackson120,Pw120!xA9#
900121,Hon.,William,R,Thomas,M,william.thomas121@walmart.com,Father Thomas,Mother Thomas,Maiden121,09/07/1975,02:35:48 AM,50.94,75,9/27/2013,Q3,H2,2013,9,September,Sep,27,Friday,Fri,12.89,95074,16%,248-62-1915,240-958-7816,Lexington,Fayette,Lexington,KY,40501,South,wthomas121,Pw121!xA9#
900122,Ms.,Elisabeth,S,Anderson,F,elisabeth.anderson122@gmail.com,Father Anderson,Mother Anderson,Maiden122,02/06/1978,12:22:49 AM,48.53,75,3/19/2009,Q1,H1,2009,3,March,Mar,19,Thursday,Thu,17.41,99147,5%,994-10-8749,836-532-9024,Atlanta,Fulton,Atlanta,GA,30303,South,eanderson122,Pw122!xA9#
900123,Ms.,James,T,Thomas,M,james.thomas123@walmart.com,Father Thomas,Mother Thomas,Maiden123,03/26/1979,10:47:27 AM,47.39,85,12/8/2015,Q4,H2,2015,12,December,Dec,8,Tuesday,Tue,10.69,96149,18%,856-39-5322,881-380-2663,Houston,Harris,Houston,TX,77002,South,jthomas123,Pw123!xA9#
900124,Hon.,Jennifer,U,Anderson,F,jennifer.anderson124@outlook.com,Father Anderson,Mother Anderson,Maiden124,07/11/1978,12:06:19 AM,48.1,53,10/8/2014,Q4,H2,2014,10,October,Oct,8,Wednesday,Wed,11.86,96403,9%,157-84-7581,280-701-2598,Atlanta,Fulton,Atlanta,GA,30303,South,janderson124,Pw124!xA9#
900125,Ms.,Robert,V,Taylor,M,robert.taylor125@yahoo.com,Father Taylor,Mother Taylor,Maiden125,03/20/1974,07:48:29 AM,52.41,80,4/12/2014,Q2,H1,2014,4,April,Apr,12,Saturday,Sat,12.35,81156,20%,694-73-4611,636-991-6952,Kansas City,Wyandotte,Kansas City,KS,66101,Midwest,rtaylor125,Pw125!xA9#
900126,Mr.,Jessica,W,Taylor,F,jessica.taylor126@yahoo.com,Father Taylor,Mother Taylor,Maiden126,12/26/1986,09:31:19 AM,39.64,73,8/8/2014,Q3,H2,2014,8,August,Aug,8,Friday,Fri,12.02,116657,5%,569-77-9420,494-699-2800,Los Angeles,Los Angeles,Los Angeles,CA,90001,West,jtaylor126,Pw126!xA9#
900127,Mr.,David,X,Moore,M,david.moore127@walmart.com,Father Moore,Mother Moore,Maiden127,09/23/1953,04:12:34 AM,72.9,52,1/1/2006,Q1,H1,2006,1,January,Jan,1,Sunday,Sun,20.62,106312,8%,249-87-9257,255-926-4330,Atlanta,Fulton,Atlanta,GA,30303,South,dmoore127,Pw127!xA9#
900128,Mr.,Amanda,Y,Jackson,F,amanda.jackson128@gmail.com,Father Jackson,Mother Jackson,Maiden128,05/12/1966,02:14:57 AM,60.27,56,2/12/2008,Q1,H1,2008,2,February,Feb,12,Tuesday,Tue,18.51,134877,28%,135-53-3795,967-205-5412,Boston,Suffolk,Boston,MA,2108,Northeast,ajackson128,Pw128!xA9#
900129,Mr.,James,Z,Davis,M,james.davis129@walmart.com,Father Davis,Mother Davis,Maiden129,12/16/1975,12:25:29 AM,50.67,83,8/4/2007,Q3,H2,2007,8,August,Aug,4,Saturday,Sat,19.04,130964,24%,546-35-2345,502-317-4895,New York,New York,New York,NY,10001,Northeast,jdavis129,Pw129!xA9#
900130,Mr.,Emily,A,Davis,F,emily.davis130@yahoo.com,Father Davis,Mother Davis,Maiden130,02/17/1968,07:18:23 AM,58.5,72,12/14/2006,Q4,H2,2006,12,December,Dec,14,Thursday,Thu,19.67,91335,17%,708-53-4371,989-705-4027,Detroit,Wayne,Detroit,MI,48201,Midwest,edavis130,Pw130!xA9#
900131,Ms.,Thomas,B,Miller,M,thomas.miller131@walmart.com,Father Miller,Mother Miller,Maiden131,10/08/1967,05:25:50 AM,58.86,82,6/13/2006,Q2,H1,2006,6,June,Jun,13,Tuesday,Tue,20.18,130989,21%,265-41-2916,597-246-3270,Boston,Suffolk,Boston,MA,2108,Northeast,tmiller131,Pw131!xA9#
900132,Mr.,Rachel,C,Davis,F,rachel.davis132@walmart.com,Father Davis,Mother Davis,Maiden132,07/21/1975,04:57:49 AM,51.07,76,10/16/2012,Q4,H2,2012,10,October,Oct,16,Tuesday,Tue,13.83,124310,19%,991-53-8752,798-969-2711,Boston,Suffolk,Boston,MA,2108,Northeast,rdavis132,Pw132!xA9#
900133,Dr.,William,D,Thomas,M,william.thomas133@yahoo.com,Father Thomas,Mother Thomas,Maiden133,04/06/1964,04:14:46 AM,62.36,48,12/17/2012,Q4,H2,2012,12,December,Dec,17,Monday,Mon,13.66,128852,18%,176-99-8879,212-781-9840,Chicago,Cook,Chicago,IL,60601,Midwest,wthomas133,Pw133!xA9#
900134,Mrs.,Rachel,E,Taylor,F,rachel.taylor134@walmart.com,Father Taylor,Mother Taylor,Maiden134,12/29/1988,04:20:45 AM,37.63,66,3/18/2013,Q1,H1,2013,3,March,Mar,18,Monday,Mon,13.42,131765,5%,522-42-5521,583-422-9142,Boston,Suffolk,Boston,MA,2108,Northeast,rtaylor134,Pw134!xA9#
900135,Dr.,Nathaniel,F,Thomas,M,nathaniel.thomas135@walmart.com,Father Thomas,Mother Thomas,Maiden135,03/29/1986,03:41:15 AM,40.39,75,3/4/2013,Q1,H1,2013,3,March,Mar,4,Monday,Mon,13.45,131974,23%,963-39-8772,822-982-1224,Detroit,Wayne,Detroit,MI,48201,Midwest,nthomas135,Pw135!xA9#
900136,Mr.,Emily,G,Jackson,F,emily.jackson136@outlook.com,Father Jackson,Mother Jackson,Maiden136,04/12/1981,02:42:19 AM,45.35,54,10/15/2018,Q4,H2,2018,10,October,Oct,15,Monday,Mon,7.84,95477,9%,674-98-9961,972-532-7736,Houston,Harris,Houston,TX,77002,South,ejackson136,Pw136!xA9#
900137,Hon.,Robert,H,Moore,M,robert.moore137@walmart.com,Father Moore,Mother Moore,Maiden137,09/04/1986,09:04:03 AM,39.95,45,4/21/2013,Q2,H1,2013,4,April,Apr,21,Sunday,Sun,13.32,93557,29%,584-42-1226,950-264-2415,Detroit,Wayne,Detroit,MI,48201,Midwest,rmoore137,Pw137!xA9#
900138,Mrs.,Briana,I,Jackson,F,briana.jackson138@gmail.com,Father Jackson,Mother Jackson,Maiden138,03/30/1983,06:45:34 AM,43.38,68,7/20/2013,Q3,H2,2013,7,July,Jul,20,Saturday,Sat,13.08,103751,14%,911-11-3279,580-212-8021,Lexington,Fayette,Lexington,KY,40501,South,bjackson138,Pw138!xA9#
900139,Mr.,Robert,J,Miller,M,robert.miller139@outlook.com,Father Miller,Mother Miller,Maiden139,04/16/1983,12:49:35 AM,43.34,58,6/19/2011,Q2,H1,2011,6,June,Jun,19,Sunday,Sun,15.16,118074,6%,842-82-6506,934-244-8032,Los Angeles,Los Angeles,Los Angeles,CA,90001,West,rmiller139,Pw139!xA9#
900140,Ms.,Elisabeth,K,Jackson,F,elisabeth.jackson140@yahoo.com,Father Jackson,Mother Jackson,Maiden140,05/22/1966,05:28:17 AM,60.24,100,4/24/2017,Q2,H1,2017,4,April,Apr,24,Monday,Mon,9.31,89082,29%,938-33-5153,533-852-5503,Wichita,Sedgwick,Wichita,KS,67202,Midwest,ejackson140,Pw140!xA9#
900141,Mr.,Michael,L,Thomas,M,michael.thomas141@gmail.com,Father Thomas,Mother Thomas,Maiden141,06/19/1977,11:49:19 AM,49.16,100,8/23/2008,Q3,H2,2008,8,August,Aug,23,Saturday,Sat,17.98,87761,21%,441-65-4149,390-773-1749,Wichita,Sedgwick,Wichita,KS,67202,Midwest,mthomas141,Pw141!xA9#
900142,Ms.,Briana,M,Davis,F,briana.davis142@walmart.com,Father Davis,Mother Davis,Maiden142,11/25/1976,04:15:39 AM,49.72,82,1/7/2009,Q1,H1,2009,1,January,Jan,7,Wednesday,Wed,17.61,97133,30%,177-75-5755,251-235-4539,Lexington,Fayette,Lexington,KY,40501,South,bdavis142,Pw142!xA9#
900143,Hon.,Thomas,N,White,M,thomas.white143@yahoo.com,Father White,Mother White,Maiden143,01/31/1986,08:26:30 AM,40.54,55,10/1/2014,Q4,H2,2014,10,October,Oct,1,Wednesday,Wed,11.88,84350,11%,656-97-2592,231-693-7067,Chicago,Cook,Chicago,IL,60601,Midwest,twhite143,Pw143!xA9#
900144,Mr.,Emily,O,Moore,F,emily.moore144@yahoo.com,Father Moore,Mother Moore,Maiden144,03/27/1975,10:09:07 AM,51.39,59,5/14/2005,Q2,H1,2005,5,May,May,14,Saturday,Sat,21.26,94531,21%,252-62-5821,555-279-2969,Topeka,Shawnee,Topeka,KS,66603,Midwest,emoore144,Pw144!xA9#
900145,Ms.,Matthew,P,Wilson,M,matthew.wilson145@gmail.com,Father Wilson,Mother Wilson,Maiden145,12/07/1985,10:42:53 AM,40.69,82,5/26/2015,Q2,H1,2015,5,May,May,26,Tuesday,Tue,11.23,97145,29%,391-67-4383,640-741-1371,Houston,Harris,Houston,TX,77002,South,mwilson145,Pw145!xA9#
900146,Mr.,Elisabeth,Q,Taylor,F,elisabeth.taylor146@outlook.com,Father Taylor,Mother Taylor,Maiden146,09/21/1992,01:14:07 AM,33.9,46,9/16/2017,Q3,H2,2017,9,September,Sep,16,Saturday,Sat,8.92,87593,17%,159-81-5348,269-445-9283,Detroit,Wayne,Detroit,MI,48201,Midwest,etaylor146,Pw146!xA9#
900147,Mrs.,Michael,R,Brown,M,michael.brown147@yahoo.com,Father Brown,Mother Brown,Maiden147,03/20/1990,07:32:49 AM,36.41,65,3/7/2018,Q1,H1,2018,3,March,Mar,7,Wednesday,Wed,8.45,108659,14%,701-83-3255,218-379-2567,Phoenix,Maricopa,Phoenix,AZ,85001,West,mbrown147,Pw147!xA9#
900148,Mr.,Estella,S,Davis,F,estella.davis148@outlook.com,Father Davis,Mother Davis,Maiden148,08/17/1989,04:39:31 AM,37.0,51,1/21/2019,Q1,H1,2019,1,January,Jan,21,Monday,Mon,7.57,88236,11%,902-78-7857,936-927-2004,Kansas City,Wyandotte,Kansas City,KS,66101,Midwest,edavis148,Pw148!xA9#
900149,Mr.,Nathaniel,T,Smith,M,nathaniel.smith149@walmart.com,Father Smith,Mother Smith,Maiden149,05/22/1979,04:35:09 AM,47.24,48,8/6/2009,Q3,H2,2009,8,August,Aug,6,Thursday,Thu,17.03,126307,19%,514-54-7141,958-808-1193,Philadelphia,Philadelphia,Philadelphia,PA,19103,Northeast,nsmith149,Pw149!xA9#
900150,Ms.,Elisabeth,U,Anderson,F,elisabeth.anderson150@walmart.com,Father Anderson,Mother Anderson,Maiden150,10/13/1978,01:44:13 AM,47.84,70,7/26/2014,Q3,H2,2014,7,July,Jul,26,Saturday,Sat,12.06,97408,14%,955-91-5916,519-532-9966,Dallas,Dallas,Dallas,TX,75201,South,eanderson150,Pw150!xA9#
900151,Mrs.,Thomas,V,Smith,M,thomas.smith151@walmart.com,Father Smith,Mother Smith,Maiden151,09/15/1955,02:37:08 AM,70.92,69,10/27/2006,Q4,H2,2006,10,October,Oct,27,Friday,Fri,19.81,81784,21%,177-28-6463,554-250-5668,Topeka,Shawnee,Topeka,KS,66603,Midwest,tsmith151,Pw151!xA9#
900152,Dr.,Estella,W,Taylor,F,estella.taylor152@gmail.com,Father Taylor,Mother Taylor,Maiden152,01/30/1963,02:09:25 AM,63.55,76,8/22/2005,Q3,H2,2005,8,August,Aug,22,Monday,Mon,20.99,172822,8%,736-82-3557,975-891-5434,New York,New York,New York,NY,10001,Northeast,etaylor152,Pw152!xA9#
900153,Ms.,David,X,Johnson,M,david.johnson153@outlook.com,Father Johnson,Mother Johnson,Maiden153,02/16/1969,03:09:30 AM,57.5,62,5/4/2018,Q2,H1,2018,5,May,May,4,Friday,Fri,8.29,117454,18%,900-75-2522,240-512-7868,San Diego,San Diego,San Diego,CA,92101,West,djohnson153,Pw153!xA9#
900154,Ms.,Jessica,Y,Taylor,F,jessica.taylor154@yahoo.com,Father Taylor,Mother Taylor,Maiden154,08/12/1975,11:12:01 AM,51.01,78,8/27/2015,Q3,H2,2015,8,August,Aug,27,Thursday,Thu,10.97,122748,6%,163-50-4281,252-989-7574,Boston,Suffolk,Boston,MA,2108,Northeast,jtaylor154,Pw154!xA9#
900155,Ms.,Thomas,Z,Wilson,M,thomas.wilson155@gmail.com,Father Wilson,Mother Wilson,Maiden155,11/23/1971,10:15:58 AM,54.73,64,5/24/2017,Q2,H1,2017,5,May,May,24,Wednesday,Wed,9.23,128726,9%,871-89-3748,328-784-8339,Philadelphia,Philadelphia,Philadelphia,PA,19103,Northeast,twilson155,Pw155!xA9#
900156,Mr.,Rachel,A,Smith,F,rachel.smith156@yahoo.com,Father Smith,Mother Smith,Maiden156,10/07/1981,09:32:38 AM,44.86,45,9/21/2017,Q3,H2,2017,9,September,Sep,21,Thursday,Thu,8.9,121446,28%,481-67-2933,755-999-7757,New York,New York,New York,NY,10001,Northeast,rsmith156,Pw156!xA9#
900157,Ms.,Daniel,B,Miller,M,daniel.miller157@walmart.com,Father Miller,Mother Miller,Maiden157,04/08/1985,01:17:04 AM,41.36,48,1/23/2016,Q1,H1,2016,1,January,Jan,23,Saturday,Sat,10.57,88112,18%,243-21-7932,548-306-3051,Kansas City,Wyandotte,Kansas City,KS,66101,Midwest,dmiller157,Pw157!xA9#
900158,Mrs.,Amanda,C,Miller,F,amanda.miller158@gmail.com,Father Miller,Mother Miller,Maiden158,03/14/1975,11:46:45 AM,51.43,100,5/10/2019,Q2,H1,2019,5,May,May,10,Friday,Fri,7.27,89631,21%,999-97-3769,881-847-2757,Wichita,Sedgwick,Wichita,KS,67202,Midwest,amiller158,Pw158!xA9#
900159,Ms.,Nathaniel,D,Davis,M,nathaniel.davis159@outlook.com,Father Davis,Mother Davis,Maiden159,09/06/1972,06:07:27 AM,53.94,52,7/7/2012,Q3,H2,2012,7,July,Jul,7,Saturday,Sat,14.11,121599,11%,552-92-4308,368-718-3650,New York,New York,New York,NY,10001,Northeast,ndavis159,Pw159!xA9#
900160,Mr.,Briana,E,Thomas,F,briana.thomas160@gmail.com,Father Thomas,Mother Thomas,Maiden160,07/10/1986,02:08:40 AM,40.1,61,1/26/2012,Q1,H1,2012,1,January,Jan,26,Thursday,Thu,14.56,117660,14%,785-37-4637,513-755-5902,Los Angeles,Los Angeles,Los Angeles,CA,90001,West,bthomas160,Pw160!xA9#
900161,Mr.,Charles,F,Miller,M,charles.miller161@walmart.com,Father Miller,Mother Miller,Maiden161,08/27/1984,07:02:29 AM,41.97,58,9/28/2016,Q3,H2,2016,9,September,Sep,28,Wednesday,Wed,9.88,104958,22%,417-97-2078,897-904-1342,Lexington,Fayette,Lexington,KY,40501,South,cmiller161,Pw161!xA9#
900162,Mr.,Emily,G,Wilson,F,emily.wilson162@gmail.com,Father Wilson,Mother Wilson,Maiden162,04/13/1955,03:43:24 AM,71.35,72,1/4/2007,Q1,H1,2007,1,January,Jan,4,Thursday,Thu,19.62,109616,10%,734-13-1336,253-707-2959,Los Angeles,Los Angeles,Los Angeles,CA,90001,West,ewilson162,Pw162!xA9#
900163,Mr.,William,H,Miller,M,william.miller163@gmail.com,Father Miller,Mother Miller,Maiden163,09/22/1968,07:42:56 AM,57.9,69,1/15/2020,Q1,H1,2020,1,January,Jan,15,Wednesday,Wed,6.59,111642,11%,824-21-7965,489-357-9345,Seattle,King,Seattle,WA,98101,West,wmiller163,Pw163!xA9#
900164,Mrs.,Jennifer,I,Wilson,F,jennifer.wilson164@yahoo.com,Father Wilson,Mother Wilson,Maiden164,12/19/1985,01:04:01 AM,40.66,66,6/26/2014,Q2,H1,2014,6,June,Jun,26,Thursday,Thu,12.14,126438,18%,846-39-1224,758-911-2602,Boston,Suffolk,Boston,MA,2108,Northeast,jwilson164,Pw164!xA9#
900165,Ms.,Daniel,J,Smith,M,daniel.smith165@gmail.com,Father Smith,Mother Smith,Maiden165,08/23/1974,02:24:00 AM,51.98,59,9/2/2017,Q3,H2,2017,9,September,Sep,2,Saturday,Sat,8.96,96870,12%,345-43-7578,863-471-6476,Lexington,Fayette,Lexington,KY,40501,South,dsmith165,Pw165!xA9#
900166,Prof.,Amanda,K,White,F,amanda.white166@outlook.com,Father White,Mother White,Maiden166,11/06/1976,11:38:55 AM,49.78,69,9/23/2017,Q3,H2,2017,9,September,Sep,23,Saturday,Sat,8.9,126708,24%,715-67-1126,362-597-3833,Dallas,Dallas,Dallas,TX,75201,South,awhite166,Pw166!xA9#
900167,Ms.,Nathaniel,L,Miller,M,nathaniel.miller167@gmail.com,Father Miller,Mother Miller,Maiden167,10/09/1979,01:43:13 AM,46.86,82,10/23/2013,Q4,H2,2013,10,October,Oct,23,Wednesday,Wed,12.82,89705,8%,748-38-2681,981-530-6712,Chicago,Cook,Chicago,IL,60601,Midwest,nmiller167,Pw167!xA9#
900168,Ms.,Estella,M,Davis,F,estella.davis168@yahoo.com,Father Davis,Mother Davis,Maiden168,04/12/1965,04:11:02 AM,61.35,76,8/14/2012,Q3,H2,2012,8,August,Aug,14,Tuesday,Tue,14.01,81765,12%,980-95-4104,617-836-7749,Kansas City,Wyandotte,Kansas City,KS,66101,Midwest,edavis168,Pw168!xA9#
900169,Mrs.,Matthew,N,Thomas,M,matthew.thomas169@walmart.com,Father Thomas,Mother Thomas,Maiden169,04/22/1983,09:31:48 AM,43.32,48,4/18/2017,Q2,H1,2017,4,April,Apr,18,Tuesday,Tue,9.33,88077,25%,274-46-8620,526-352-3068,Kansas City,Wyandotte,Kansas City,KS,66101,Midwest,mthomas169,Pw169!xA9#
900170,Ms.,Emily,O,Smith,F,emily.smith170@gmail.com,Father Smith,Mother Smith,Maiden170,01/03/1971,04:34:04 AM,55.62,47,8/10/2013,Q3,H2,2013,8,August,Aug,10,Saturday,Sat,13.02,127551,11%,869-44-3848,926-568-7708,New York,New York,New York,NY,10001,Northeast,esmith170,Pw170!xA9#
900171,Ms.,William,P,Brown,M,william.brown171@walmart.com,Father Brown,Mother Brown,Maiden171,01/25/1988,07:19:47 AM,38.56,48,5/24/2016,Q2,H1,2016,5,May,May,24,Tuesday,Tue,10.23,132896,19%,385-73-2614,382-889-5607,Boston,Suffolk,Boston,MA,2108,Northeast,wbrown171,Pw171!xA9#
900172,Dr.,Briana,Q,Brown,F,briana.brown172@gmail.com,Father Brown,Mother Brown,Maiden172,12/22/1983,07:20:05 AM,42.65,47,12/11/2013,Q4,H2,2013,12,December,Dec,11,Wednesday,Wed,12.68,168031,11%,898-35-4284,578-499-3384,Philadelphia,Philadelphia,Philadelphia,PA,19103,Northeast,bbrown172,Pw172!xA9#
900173,Ms.,Robert,R,Johnson,M,robert.johnson173@yahoo.com,Father Johnson,Mother Johnson,Maiden173,07/04/1965,12:45:28 AM,61.12,76,3/3/2017,Q1,H1,2017,3,March,Mar,3,Friday,Fri,9.46,94622,7%,692-64-5714,260-914-8304,Detroit,Wayne,Detroit,MI,48201,Midwest,rjohnson173,Pw173!xA9#
900174,Ms.,Shawna,S,Anderson,F,shawna.anderson174@yahoo.com,Father Anderson,Mother Anderson,Maiden174,02/22/1965,08:19:04 AM,61.48,80,5/24/2013,Q2,H1,2013,5,May,May,24,Friday,Fri,13.23,134751,10%,573-36-8348,562-359-6277,New York,New York,New York,NY,10001,Northeast,sanderson174,Pw174!xA9#
900175,Mrs.,Daniel,T,Miller,M,daniel.miller175@gmail.com,Father Miller,Mother Miller,Maiden175,12/26/1988,11:18:21 AM,37.64,63,3/14/2014,Q1,H1,2014,3,March,Mar,14,Friday,Fri,12.43,127617,7%,284-49-1715,490-616-4866,Philadelphia,Philadelphia,Philadelphia,PA,19103,Northeast,dmiller175,Pw175!xA9#
900176,Mr.,Emily,U,Thomas,F,emily.thomas176@gmail.com,Father Thomas,Mother Thomas,Maiden176,03/31/1959,12:52:24 AM,67.38,49,3/6/2012,Q1,H1,2012,3,March,Mar,6,Tuesday,Tue,14.45,94880,28%,737-93-4425,618-371-2895,Chicago,Cook,Chicago,IL,60601,Midwest,ethomas176,Pw176!xA9#
900177,Mr.,Nathaniel,V,Moore,M,nathaniel.moore177@gmail.com,Father Moore,Mother Moore,Maiden177,10/07/1965,07:18:38 AM,60.86,70,6/13/2008,Q2,H1,2008,6,June,Jun,13,Friday,Fri,18.18,96612,19%,396-42-8960,399-682-6792,Lexington,Fayette,Lexington,KY,40501,South,nmoore177,Pw177!xA9#
900178,Mr.,Shawna,W,Anderson,F,shawna.anderson178@yahoo.com,Father Anderson,Mother Anderson,Maiden178,11/24/1956,04:18:36 AM,69.73,85,5/1/2005,Q2,H1,2005,5,May,May,1,Sunday,Sun,21.3,88707,24%,669-54-8447,238-777-5416,Chicago,Cook,Chicago,IL,60601,Midwest,sanderson178,Pw178!xA9#
900179,Mr.,Thomas,X,Moore,M,thomas.moore179@gmail.com,Father Moore,Mother Moore,Maiden179,12/23/1962,08:59:31 AM,63.65,49,5/26/2011,Q2,H1,2011,5,May,May,26,Thursday,Thu,15.23,112277,15%,161-34-2243,394-703-1216,Seattle,King,Seattle,WA,98101,West,tmoore179,Pw179!xA9#
900180,Mr.,Shawna,Y,Wilson,F,shawna.wilson180@yahoo.com,Father Wilson,Mother Wilson,Maiden180,04/28/1959,07:37:48 AM,67.3,61,9/8/2013,Q3,H2,2013,9,September,Sep,8,Sunday,Sun,12.94,115034,19%,794-96-2489,397-349-9328,Seattle,King,Seattle,WA,98101,West,swilson180,Pw180!xA9#
900181,Ms.,David,Z,White,M,david.white181@walmart.com,Father White,Mother White,Maiden181,05/16/1966,04:52:11 AM,60.25,66,10/25/2017,Q4,H2,2017,10,October,Oct,25,Wednesday,Wed,8.81,89485,28%,414-58-9595,383-690-1814,Kansas City,Wyandotte,Kansas City,KS,66101,Midwest,dwhite181,Pw181!xA9#
900182,Ms.,Jennifer,A,Thomas,F,jennifer.thomas182@yahoo.com,Father Thomas,Mother Thomas,Maiden182,05/10/1995,11:15:01 AM,31.27,72,1/2/2018,Q1,H1,2018,1,January,Jan,2,Tuesday,Tue,8.62,113125,14%,218-36-7759,237-251-2403,Seattle,King,Seattle,WA,98101,West,jthomas182,Pw182!xA9#
900183,Dr.,Robert,B,Wilson,M,robert.wilson183@yahoo.com,Father Wilson,Mother Wilson,Maiden183,08/12/1954,06:29:33 AM,72.01,64,9/16/2006,Q3,H2,2006,9,September,Sep,16,Saturday,Sat,19.92,134278,17%,216-80-4933,577-885-9295,Kansas City,Wyandotte,Kansas City,KS,66101,Midwest,rwilson183,Pw183!xA9#
900184,Mrs.,Shawna,C,Smith,F,shawna.smith184@gmail.com,Father Smith,Mother Smith,Maiden184,07/22/1964,06:00:36 AM,62.07,84,8/6/2011,Q3,H2,2011,8,August,Aug,6,Saturday,Sat,15.03,97743,13%,305-10-3459,499-224-9091,Lexington,Fayette,Lexington,KY,40501,South,ssmith184,Pw184!xA9#
900185,Hon.,William,D,Smith,M,william.smith185@gmail.com,Father Smith,Mother Smith,Maiden185,09/27/1990,11:31:52 AM,35.89,100,8/21/2015,Q3,H2,2015,8,August,Aug,21,Friday,Fri,10.99,81672,22%,376-96-2078,318-400-2709,Wichita,Sedgwick,Wichita,KS,67202,Midwest,wsmith185,Pw185!xA9#
900186,Mr.,Jennifer,E,Anderson,F,jennifer.anderson186@gmail.com,Father Anderson,Mother Anderson,Maiden186,08/08/1981,04:34:43 AM,45.02,51,12/7/2012,Q4,H2,2012,12,December,Dec,7,Friday,Fri,13.69,99796,11%,652-70-8088,785-982-2665,Houston,Harris,Houston,TX,77002,South,janderson186,Pw186!xA9#
900187,Ms.,Nathaniel,F,Thomas,M,nathaniel.thomas187@yahoo.com,Father Thomas,Mother Thomas,Maiden187,06/25/1973,08:42:04 AM,53.14,100,3/24/2019,Q1,H1,2019,3,March,Mar,24,Sunday,Sun,7.4,80250,8%,835-73-8195,791-749-3855,Wichita,Sedgwick,Wichita,KS,67202,Midwest,nthomas187,Pw187!xA9#
900188,Ms.,Briana,G,Moore,F,briana.moore188@outlook.com,Father Moore,Mother Moore,Maiden188,12/22/1988,08:07:41 AM,37.65,100,5/9/2015,Q2,H1,2015,5,May,May,9,Saturday,Sat,11.27,90045,27%,849-70-1193,284-536-5563,Wichita,Sedgwick,Wichita,KS,67202,Midwest,bmoore188,Pw188!xA9#
900189,Ms.,David,H,Taylor,M,david.taylor189@yahoo.com,Father Taylor,Mother Taylor,Maiden189,09/09/1985,05:15:48 AM,40.94,51,3/28/2015,Q1,H1,2015,3,March,Mar,28,Saturday,Sat,11.39,102278,10%,347-89-8394,420-631-6044,Houston,Harris,Houston,TX,77002,South,dtaylor189,Pw189!xA9#
900190,Mr.,Elisabeth,I,Miller,F,elisabeth.miller190@yahoo.com,Father Miller,Mother Miller,Maiden190,12/09/1985,05:48:55 AM,40.69,73,8/22/2010,Q3,H2,2010,8,August,Aug,22,Sunday,Sun,15.99,104323,21%,440-45-7840,349-337-8586,Atlanta,Fulton,Atlanta,GA,30303,South,emiller190,Pw190!xA9#
900191,Mr.,Daniel,J,Brown,M,daniel.brown191@gmail.com,Father Brown,Mother Brown,Maiden191,01/20/1973,09:16:02 AM,53.57,82,1/24/2017,Q1,H1,2017,1,January,Jan,24,Tuesday,Tue,9.56,131821,14%,847-33-8376,348-901-1957,Philadelphia,Philadelphia,Philadelphia,PA,19103,Northeast,dbrown191,Pw191!xA9#
900192,Dr.,Briana,K,Wilson,F,briana.wilson192@gmail.com,Father Wilson,Mother Wilson,Maiden192,08/12/1970,11:23:39 AM,56.01,54,10/5/2013,Q4,H2,2013,10,October,Oct,5,Saturday,Sat,12.87,139496,22%,571-77-9117,524-293-1718,Detroit,Wayne,Detroit,MI,48201,Midwest,bwilson192,Pw192!xA9#
900193,Dr.,Nathaniel,L,Wilson,M,nathaniel.wilson193@yahoo.com,Father Wilson,Mother Wilson,Maiden193,01/26/1993,08:20:27 AM,33.56,69,8/1/2019,Q3,H2,2019,8,August,Aug,1,Thursday,Thu,7.04,161309,21%,964-84-1448,638-906-9061,Phoenix,Maricopa,Phoenix,AZ,85001,West,nwilson193,Pw193!xA9#
900194,Ms.,Emily,M,Miller,F,emily.miller194@outlook.com,Father Miller,Mother Miller,Maiden194,04/15/1971,03:33:09 AM,55.34,85,7/18/2007,Q3,H2,2007,7,July,Jul,18,Wednesday,Wed,19.08,109979,30%,202-77-9801,503-476-6811,Seattle,King,Seattle,WA,98101,West,emiller194,Pw194!xA9#
900195,Prof.,Matthew,N,Wilson,M,matthew.wilson195@yahoo.com,Father Wilson,Mother Wilson,Maiden195,08/28/1982,05:28:24 AM,43.97,76,2/18/2020,Q1,H1,2020,2,February,Feb,18,Tuesday,Tue,6.49,130373,8%,716-66-2153,564-900-1720,San Diego,San Diego,San Diego,CA,92101,West,mwilson195,Pw195!xA9#
900196,Ms.,Estella,O,Anderson,F,estella.anderson196@yahoo.com,Father Anderson,Mother Anderson,Maiden196,08/05/1960,03:48:10 AM,66.03,53,7/18/2005,Q3,H2,2005,7,July,Jul,18,Monday,Mon,21.08,118840,24%,498-69-8816,658-927-9053,San Diego,San Diego,San Diego,CA,92101,West,eanderson196,Pw196!xA9#
900197,Ms.,Daniel,P,Taylor,M,daniel.taylor197@yahoo.com,Father Taylor,Mother Taylor,Maiden197,02/16/1968,06:28:40 AM,58.5,60,1/18/2014,Q1,H1,2014,1,January,Jan,18,Saturday,Sat,12.58,83912,17%,360-79-5696,869-670-1211,Chicago,Cook,Chicago,IL,60601,Midwest,dtaylor197,Pw197!xA9#
900198,Prof.,Jennifer,Q,Jackson,F,jennifer.jackson198@gmail.com,Father Jackson,Mother Jackson,Maiden198,04/10/1969,04:36:53 AM,57.35,72,1/13/2014,Q1,H1,2014,1,January,Jan,13,Monday,Mon,12.59,111201,15%,993-17-7265,782-959-6425,Kansas City,Wyandotte,Kansas City,KS,66101,Midwest,jjackson198,Pw198!xA9#
900199,Dr.,Charles,R,Moore,M,charles.moore199@yahoo.com,Father Moore,Mother Moore,Maiden199,12/26/1984,05:04:46 AM,41.64,46,4/6/2014,Q2,H1,2014,4,April,Apr,6,Sunday,Sun,12.36,149062,11%,233-13-7591,480-832-3051,Atlanta,Fulton,Atlanta,GA,30303,South,cmoore199,Pw199!xA9#
900200,Mr.,Sarah,S,Davis,F,sarah.davis200@walmart.com,Father Davis,Mother Davis,Maiden200,10/30/1957,09:36:16 AM,68.8,54,7/3/2012,Q3,H2,2012,7,July,Jul,3,Tuesday,Tue,14.12,117913,23%,757-20-1145,813-627-5398,Los Angeles,Los Angeles,Los Angeles,CA,90001,West,sdavis200,Pw200!xA9#
900201,Mr.,Daniel,T,Jackson,M,daniel.jackson201@outlook.com,Father Jackson,Mother Jackson,Maiden201,05/19/1975,12:59:18 AM,51.25,82,2/22/2008,Q1,H1,2008,2,February,Feb,22,Friday,Fri,18.48,90663,23%,352-27-5188,289-356-3890,Detroit,Wayne,Detroit,MI,48201,Midwest,djackson201,Pw201!xA9#
900202,Mrs.,Shawna,U,Brown,F,shawna.brown202@yahoo.com,Father Brown,Mother Brown,Maiden202,10/10/1981,12:23:58 AM,44.85,78,2/25/2008,Q1,H1,2008,2,February,Feb,25,Monday,Mon,18.48,133337,10%,645-90-3694,566-223-9988,Philadelphia,Philadelphia,Philadelphia,PA,19103,Northeast,sbrown202,Pw202!xA9#
900203,Mr.,Daniel,V,Jackson,M,daniel.jackson203@yahoo.com,Father Jackson,Mother Jackson,Maiden203,06/20/1962,07:52:23 AM,64.16,73,3/4/2011,Q1,H1,2011,3,March,Mar,4,Friday,Fri,15.46,108627,24%,201-66-8649,307-884-4368,San Diego,San Diego,San Diego,CA,92101,West,djackson203,Pw203!xA9#
900204,Mr.,Estella,W,Brown,F,estella.brown204@outlook.com,Father Brown,Mother Brown,Maiden204,03/20/1964,07:51:59 AM,62.41,69,4/13/2018,Q2,H1,2018,4,April,Apr,13,Friday,Fri,8.34,108986,18%,813-41-3511,404-415-6916,San Diego,San Diego,San Diego,CA,92101,West,ebrown204,Pw204!xA9#
900205,Mrs.,Nathaniel,X,Johnson,M,nathaniel.johnson205@outlook.com,Father Johnson,Mother Johnson,Maiden205,12/26/1987,09:13:35 AM,38.64,74,1/12/2018,Q1,H1,2018,1,January,Jan,12,Friday,Fri,8.59,83750,21%,670-75-2607,675-686-5386,Kansas City,Wyandotte,Kansas City,KS,66101,Midwest,njohnson205,Pw205!xA9#
